session_id,label,label_source,campaign_id,scenario_id,dataset_version,created_at,event_count,duration_s,bytes_in_total,bytes_out_total,auth_attempts,auth_successes,auth_failure_ratio,unique_usernames,command_count,command_diversity,http_request_count,http_uri_diversity,http_status_4xx_ratio,http_status_5xx_ratio,unique_protocols,devices_touched,ports_touched,time_between_events_mean_s,time_between_events_stdev_s,request_rate_per_min,auth_failure_rate_per_min,contains_path_traversal,contains_command_injection,contains_default_credentials,is_recon_only
syn-benign-0000-946a75d0,benign,SYNTHETIC,syn-campaign-benign-0000,syn-benign,v1,2026-09-09T18:04:39+00:00,4,30,0.0,0.0,0.0,0.0,0.0,0.0,0.0,0.0,4,4,0.0,0.0,0.0,0.0,0.0,0.0,0.0,0.0,0.0,0.0,0.0,0.0,0.0
syn-benign-0001-0d1bb13c,benign,SYNTHETIC,syn-campaign-benign-0000,syn-benign,v1,2026-09-09T18:04:39+00:00,1,21,0.0,0.0,0.0,0.0,0.0,0.0,0.0,0.0,2,2,0.0,0.0,0.0,0.0,0.0,0.0,0.0,0.0,0.0,0.0,0.0,0.0,0.0
syn-benign-0002-9e08a9c1,benign,SYNTHETIC,syn-campaign-benign-0000,syn-benign,v1,2026-09-09T18:04:39+00:00,0,5,0.0,0.0,0.0,0.0,0.0,0.0,0.0,0.0,1,1,0.0,0.0,0.0,0.0,0.0,0.0,0.0,0.0,0.0,0.0,0.0,0.0,0.0
syn-benign-0003-4040cb75,benign,SYNTHETIC,syn-campaign-benign-0000,syn-benign,v1,2026-09-09T18:04:39+00:00,2,15,0.0,0.0,0.0,0.0,0.0,0.0,0.0,0.0,2,2,0.0,0.0,0.0,0.0,0.0,0.0,0.0,0.0,0.0,0.0,0.0,0.0,0.0
syn-benign-0004-19875a9f,benign,SYNTHETIC,syn-campaign-benign-0000,syn-benign,v1,2026-09-09T18:04:39+00:00,1,11,0.0,0.0,0.0,0.0,0.0,0.0,0.0,0.0,2,2,0.0,0.0,0.0,0.0,0.0,0.0,0.0,0.0,0.0,0.0,0.0,0.0,0.0
syn-benign-0005-ae616692,benign,SYNTHETIC,syn-campaign-benign-0001,syn-benign,v1,2026-09-09T18:04:39+00:00,2,26,0.0,0.0,0.0,0.0,0.0,0.0,0.0,0.0,3,3,0.0,0.0,0.0,0.0,0.0,0.0,0.0,0.0,0.0,0.0,0.0,0.0,0.0
syn-benign-0006-59df7305,benign,SYNTHETIC,syn-campaign-benign-0001,syn-benign,v1,2026-09-09T18:04:39+00:00,1,16,0.0,0.0,0.0,0.0,0.0,0.0,0.0,0.0,1,1,0.0,0.0,0.0,0.0,0.0,0.0,0.0,0.0,0.0,0.0,0.0,0.0,0.0
syn-benign-0007-26401de7,benign,SYNTHETIC,syn-campaign-benign-0001,syn-benign,v1,2026-09-09T18:04:39+00:00,2,6,0.0,0.0,0.0,0.0,0.0,0.0,0.0,0.0,3,3,0.0,0.0,0.0,0.0,0.0,0.0,0.0,0.0,0.0,0.0,0.0,0.0,0.0
syn-benign-0008-cd823bcd,benign,SYNTHETIC,syn-campaign-benign-0001,syn-benign,v1,2026-09-09T18:04:39+00:00,1,14,0.0,0.0,0.0,0.0,0.0,0.0,0.0,0.0,2,2,0.0,0.0,0.0,0.0,0.0,0.0,0.0,0.0,0.0,0.0,0.0,0.0,0.0
syn-benign-0009-2c8012f9,benign,SYNTHETIC,syn-campaign-benign-0001,syn-benign,v1,2026-09-09T18:04:39+00:00,4,17,0.0,0.0,0.0,0.0,0.0,0.0,0.0,0.0,4,4,0.0,0.0,0.0,0.0,0.0,0.0,0.0,0.0,0.0,0.0,0.0,0.0,0.0
syn-benign-0010-3d999fca,benign,SYNTHETIC,syn-campaign-benign-0002,syn-benign,v1,2026-09-09T18:04:39+00:00,1,18,0.0,0.0,0.0,0.0,0.0,0.0,0.0,0.0,1,1,0.0,0.0,0.0,0.0,0.0,0.0,0.0,0.0,0.0,0.0,0.0,0.0,0.0
syn-benign-0011-c0e2dcd4,benign,SYNTHETIC,syn-campaign-benign-0002,syn-benign,v1,2026-09-09T18:04:39+00:00,4,34,0.0,0.0,0.0,0.0,0.0,0.0,0.0,0.0,4,4,0.0,0.0,0.0,0.0,0.0,0.0,0.0,0.0,0.0,0.0,0.0,0.0,0.0
syn-benign-0012-a80a851d,benign,SYNTHETIC,syn-campaign-benign-0002,syn-benign,v1,2026-09-09T18:04:39+00:00,3,8,0.0,0.0,0.0,0.0,0.0,0.0,0.0,0.0,4,4,0.0,0.0,0.0,0.0,0.0,0.0,0.0,0.0,0.0,0.0,0.0,0.0,0.0
syn-benign-0013-b577484e,benign,SYNTHETIC,syn-campaign-benign-0002,syn-benign,v1,2026-09-09T18:04:39+00:00,2,8,0.0,0.0,0.0,0.0,0.0,0.0,0.0,0.0,3,3,0.0,0.0,0.0,0.0,0.0,0.0,0.0,0.0,0.0,0.0,0.0,0.0,0.0
syn-benign-0014-5faa459e,benign,SYNTHETIC,syn-campaign-benign-0002,syn-benign,v1,2026-09-09T18:04:39+00:00,0,20,0.0,0.0,0.0,0.0,0.0,0.0,0.0,0.0,1,1,0.0,0.0,0.0,0.0,0.0,0.0,0.0,0.0,0.0,0.0,0.0,0.0,0.0
syn-benign-0015-9f1e8292,benign,SYNTHETIC,syn-campaign-benign-0003,syn-benign,v1,2026-09-09T18:04:39+00:00,1,2,0.0,0.0,0.0,0.0,0.0,0.0,0.0,0.0,2,2,0.0,0.0,0.0,0.0,0.0,0.0,0.0,0.0,0.0,0.0,0.0,0.0,0.0
syn-benign-0016-93c117c1,benign,SYNTHETIC,syn-campaign-benign-0003,syn-benign,v1,2026-09-09T18:04:39+00:00,2,18,0.0,0.0,0.0,0.0,0.0,0.0,0.0,0.0,3,3,0.0,0.0,0.0,0.0,0.0,0.0,0.0,0.0,0.0,0.0,0.0,0.0,0.0
syn-benign-0017-6d6fb5d1,benign,SYNTHETIC,syn-campaign-benign-0003,syn-benign,v1,2026-09-09T18:04:39+00:00,4,30,0.0,0.0,0.0,0.0,0.0,0.0,0.0,0.0,4,4,0.0,0.0,0.0,0.0,0.0,0.0,0.0,0.0,0.0,0.0,0.0,0.0,0.0
syn-benign-0018-d9f8f8ef,benign,SYNTHETIC,syn-campaign-benign-0003,syn-benign,v1,2026-09-09T18:04:39+00:00,1,3,0.0,0.0,0.0,0.0,0.0,0.0,0.0,0.0,2,2,0.0,0.0,0.0,0.0,0.0,0.0,0.0,0.0,0.0,0.0,0.0,0.0,0.0
syn-benign-0019-076c4fee,benign,SYNTHETIC,syn-campaign-benign-0003,syn-benign,v1,2026-09-09T18:04:39+00:00,1,32,0.0,0.0,0.0,0.0,0.0,0.0,0.0,0.0,1,1,0.0,0.0,0.0,0.0,0.0,0.0,0.0,0.0,0.0,0.0,0.0,0.0,0.0
syn-benign-0020-78417904,benign,SYNTHETIC,syn-campaign-benign-0004,syn-benign,v1,2026-09-09T18:04:39+00:00,1,7,0.0,0.0,0.0,0.0,0.0,0.0,0.0,0.0,2,2,0.0,0.0,0.0,0.0,0.0,0.0,0.0,0.0,0.0,0.0,0.0,0.0,0.0
syn-benign-0021-1643e1b6,benign,SYNTHETIC,syn-campaign-benign-0004,syn-benign,v1,2026-09-09T18:04:39+00:00,2,12,0.0,0.0,0.0,0.0,0.0,0.0,0.0,0.0,2,2,0.0,0.0,0.0,0.0,0.0,0.0,0.0,0.0,0.0,0.0,0.0,0.0,0.0
syn-benign-0022-27cb5c8e,benign,SYNTHETIC,syn-campaign-benign-0004,syn-benign,v1,2026-09-09T18:04:39+00:00,2,10,0.0,0.0,0.0,0.0,0.0,0.0,0.0,0.0,2,2,0.0,0.0,0.0,0.0,0.0,0.0,0.0,0.0,0.0,0.0,0.0,0.0,0.0
syn-benign-0023-90b8dad6,benign,SYNTHETIC,syn-campaign-benign-0004,syn-benign,v1,2026-09-09T18:04:39+00:00,3,25,0.0,0.0,0.0,0.0,0.0,0.0,0.0,0.0,3,3,0.0,0.0,0.0,0.0,0.0,0.0,0.0,0.0,0.0,0.0,0.0,0.0,0.0
syn-benign-0024-eded95b4,benign,SYNTHETIC,syn-campaign-benign-0004,syn-benign,v1,2026-09-09T18:04:39+00:00,3,31,0.0,0.0,0.0,0.0,0.0,0.0,0.0,0.0,4,4,0.0,0.0,0.0,0.0,0.0,0.0,0.0,0.0,0.0,0.0,0.0,0.0,0.0
syn-benign-0025-e512c5d4,benign,SYNTHETIC,syn-campaign-benign-0005,syn-benign,v1,2026-09-09T18:04:39+00:00,3,20,0.0,0.0,0.0,0.0,0.0,0.0,0.0,0.0,4,4,0.0,0.0,0.0,0.0,0.0,0.0,0.0,0.0,0.0,0.0,0.0,0.0,0.0
syn-benign-0026-2f39bb6a,benign,SYNTHETIC,syn-campaign-benign-0005,syn-benign,v1,2026-09-09T18:04:39+00:00,2,16,0.0,0.0,0.0,0.0,0.0,0.0,0.0,0.0,2,2,0.0,0.0,0.0,0.0,0.0,0.0,0.0,0.0,0.0,0.0,0.0,0.0,0.0
syn-benign-0027-080d1451,benign,SYNTHETIC,syn-campaign-benign-0005,syn-benign,v1,2026-09-09T18:04:39+00:00,4,27,0.0,0.0,0.0,0.0,0.0,0.0,0.0,0.0,4,4,0.0,0.0,0.0,0.0,0.0,0.0,0.0,0.0,0.0,0.0,0.0,0.0,0.0
syn-benign-0028-5e77f82d,benign,SYNTHETIC,syn-campaign-benign-0005,syn-benign,v1,2026-09-09T18:04:39+00:00,1,30,0.0,0.0,0.0,0.0,0.0,0.0,0.0,0.0,1,1,0.0,0.0,0.0,0.0,0.0,0.0,0.0,0.0,0.0,0.0,0.0,0.0,0.0
syn-benign-0029-4dac07d9,benign,SYNTHETIC,syn-campaign-benign-0005,syn-benign,v1,2026-09-09T18:04:39+00:00,0,16,0.0,0.0,0.0,0.0,0.0,0.0,0.0,0.0,1,1,0.0,0.0,0.0,0.0,0.0,0.0,0.0,0.0,0.0,0.0,0.0,0.0,0.0
syn-reconnaissance-0030-adc8449d,reconnaissance,SYNTHETIC,syn-campaign-reconnaissance-0006,syn-reconnaissance,v1,2026-09-09T18:04:39+00:00,26,58,0.0,0.0,0.0,0.0,0.0,0.0,0.0,0.0,25,15,0.0,0.0,0.0,0.0,0.0,0.0,0.0,26.315789473684212,0.0,0.0,0.0,0.0,1.0
syn-reconnaissance-0031-ee30604c,reconnaissance,SYNTHETIC,syn-campaign-reconnaissance-0006,syn-reconnaissance,v1,2026-09-09T18:04:39+00:00,8,95,0.0,0.0,0.0,0.0,0.0,0.0,0.0,0.0,8,7,0.0,0.0,0.0,0.0,0.0,0.0,0.0,6.0,0.0,0.0,0.0,0.0,1.0
syn-reconnaissance-0032-35b7d798,reconnaissance,SYNTHETIC,syn-campaign-reconnaissance-0006,syn-reconnaissance,v1,2026-09-09T18:04:39+00:00,8,44,0.0,0.0,0.0,0.0,0.0,0.0,0.0,0.0,10,8,0.0,0.0,0.0,0.0,0.0,0.0,0.0,12.76595744680851,0.0,0.0,0.0,0.0,1.0
syn-reconnaissance-0033-9eb3658d,reconnaissance,SYNTHETIC,syn-campaign-reconnaissance-0006,syn-reconnaissance,v1,2026-09-09T18:04:39+00:00,15,81,0.0,0.0,0.0,0.0,0.0,0.0,0.0,0.0,13,9,0.0,0.0,0.0,0.0,0.0,0.0,0.0,7.8,0.0,0.0,0.0,0.0,1.0
syn-reconnaissance-0034-bc769920,reconnaissance,SYNTHETIC,syn-campaign-reconnaissance-0006,syn-reconnaissance,v1,2026-09-09T18:04:39+00:00,21,84,0.0,0.0,0.0,0.0,0.0,0.0,0.0,0.0,24,15,0.0,0.0,0.0,0.0,0.0,0.0,0.0,22.153846153846157,0.0,0.0,0.0,0.0,1.0
syn-reconnaissance-0035-580a7bf4,reconnaissance,SYNTHETIC,syn-campaign-reconnaissance-0007,syn-reconnaissance,v1,2026-09-09T18:04:39+00:00,29,56,0.0,0.0,0.0,0.0,0.0,0.0,0.0,0.0,25,8,0.0,0.0,0.0,0.0,0.0,0.0,0.0,24.193548387096772,0.0,0.0,0.0,0.0,1.0
syn-reconnaissance-0036-8a7f9be5,reconnaissance,SYNTHETIC,syn-campaign-reconnaissance-0007,syn-reconnaissance,v1,2026-09-09T18:04:39+00:00,16,31,0.0,0.0,0.0,0.0,0.0,0.0,0.0,0.0,18,6,0.0,0.0,0.0,0.0,0.0,0.0,0.0,40.0,0.0,0.0,0.0,0.0,1.0
syn-reconnaissance-0037-44e437d4,reconnaissance,SYNTHETIC,syn-campaign-reconnaissance-0007,syn-reconnaissance,v1,2026-09-09T18:04:39+00:00,11,89,0.0,0.0,0.0,0.0,0.0,0.0,0.0,0.0,10,14,0.0,0.0,0.0,0.0,0.0,0.0,0.0,6.0606060606060606,0.0,0.0,0.0,0.0,1.0
syn-reconnaissance-0038-ef33a58c,reconnaissance,SYNTHETIC,syn-campaign-reconnaissance-0007,syn-reconnaissance,v1,2026-09-09T18:04:39+00:00,19,61,0.0,0.0,0.0,0.0,0.0,0.0,0.0,0.0,21,7,0.0,0.0,0.0,0.0,0.0,0.0,0.0,17.027027027027025,0.0,0.0,0.0,0.0,1.0
syn-reconnaissance-0039-ed395a44,reconnaissance,SYNTHETIC,syn-campaign-reconnaissance-0007,syn-reconnaissance,v1,2026-09-09T18:04:39+00:00,11,50,0.0,0.0,0.0,0.0,0.0,0.0,0.0,0.0,14,12,0.0,0.0,0.0,0.0,0.0,0.0,0.0,15.849056603773585,0.0,0.0,0.0,0.0,1.0
syn-reconnaissance-0040-4b37a704,reconnaissance,SYNTHETIC,syn-campaign-reconnaissance-0008,syn-reconnaissance,v1,2026-09-09T18:04:39+00:00,22,113,0.0,0.0,0.0,0.0,0.0,0.0,0.0,0.0,22,14,0.0,0.0,0.0,0.0,0.0,0.0,0.0,14.042553191489361,0.0,0.0,0.0,0.0,1.0
syn-reconnaissance-0041-0e93793b,reconnaissance,SYNTHETIC,syn-campaign-reconnaissance-0008,syn-reconnaissance,v1,2026-09-09T18:04:39+00:00,22,78,0.0,0.0,0.0,0.0,0.0,0.0,0.0,0.0,20,9,0.0,0.0,0.0,0.0,0.0,0.0,0.0,19.354838709677416,0.0,0.0,0.0,0.0,1.0
syn-reconnaissance-0042-552ee92f,reconnaissance,SYNTHETIC,syn-campaign-reconnaissance-0008,syn-reconnaissance,v1,2026-09-09T18:04:39+00:00,9,26,0.0,0.0,0.0,0.0,0.0,0.0,0.0,0.0,11,10,0.0,0.0,0.0,0.0,0.0,0.0,0.0,28.695652173913043,0.0,0.0,0.0,0.0,1.0
syn-reconnaissance-0043-2b74346a,reconnaissance,SYNTHETIC,syn-campaign-reconnaissance-0008,syn-reconnaissance,v1,2026-09-09T18:04:39+00:00,9,65,0.0,0.0,0.0,0.0,0.0,0.0,0.0,0.0,9,8,0.0,0.0,0.0,0.0,0.0,0.0,0.0,9.642857142857142,0.0,0.0,0.0,0.0,1.0
syn-reconnaissance-0044-c11d3378,reconnaissance,SYNTHETIC,syn-campaign-reconnaissance-0008,syn-reconnaissance,v1,2026-09-09T18:04:39+00:00,21,97,0.0,0.0,0.0,0.0,0.0,0.0,0.0,0.0,21,14,0.0,0.0,0.0,0.0,0.0,0.0,0.0,14.651162790697674,0.0,0.0,0.0,0.0,1.0
syn-reconnaissance-0045-8bf7fc1e,reconnaissance,SYNTHETIC,syn-campaign-reconnaissance-0009,syn-reconnaissance,v1,2026-09-09T18:04:39+00:00,13,61,0.0,0.0,0.0,0.0,0.0,0.0,0.0,0.0,16,13,0.0,0.0,0.0,0.0,0.0,0.0,0.0,13.15068493150685,0.0,0.0,0.0,0.0,1.0
syn-reconnaissance-0046-ee62782d,reconnaissance,SYNTHETIC,syn-campaign-reconnaissance-0009,syn-reconnaissance,v1,2026-09-09T18:04:39+00:00,10,86,0.0,0.0,0.0,0.0,0.0,0.0,0.0,0.0,10,6,0.0,0.0,0.0,0.0,0.0,0.0,0.0,8.450704225352112,0.0,0.0,0.0,0.0,1.0
syn-reconnaissance-0047-a6e48f47,reconnaissance,SYNTHETIC,syn-campaign-reconnaissance-0009,syn-reconnaissance,v1,2026-09-09T18:04:39+00:00,15,25,0.0,0.0,0.0,0.0,0.0,0.0,0.0,0.0,19,12,0.0,0.0,0.0,0.0,0.0,0.0,0.0,40.714285714285715,0.0,0.0,0.0,0.0,1.0
syn-reconnaissance-0048-315081b2,reconnaissance,SYNTHETIC,syn-campaign-reconnaissance-0009,syn-reconnaissance,v1,2026-09-09T18:04:39+00:00,23,48,0.0,0.0,0.0,0.0,0.0,0.0,0.0,0.0,25,8,0.0,0.0,0.0,0.0,0.0,0.0,0.0,25.0,0.0,0.0,0.0,0.0,1.0
syn-reconnaissance-0049-8a591aa1,reconnaissance,SYNTHETIC,syn-campaign-reconnaissance-0009,syn-reconnaissance,v1,2026-09-09T18:04:39+00:00,10,61,0.0,0.0,0.0,0.0,0.0,0.0,0.0,0.0,10,12,0.0,0.0,0.0,0.0,0.0,0.0,0.0,9.375,0.0,0.0,0.0,0.0,1.0
syn-reconnaissance-0050-ef866fde,reconnaissance,SYNTHETIC,syn-campaign-reconnaissance-0010,syn-reconnaissance,v1,2026-09-09T18:04:39+00:00,25,53,0.0,0.0,0.0,0.0,0.0,0.0,0.0,0.0,23,11,0.0,0.0,0.0,0.0,0.0,0.0,0.0,25.555555555555554,0.0,0.0,0.0,0.0,1.0
syn-reconnaissance-0051-67b55280,reconnaissance,SYNTHETIC,syn-campaign-reconnaissance-0010,syn-reconnaissance,v1,2026-09-09T18:04:39+00:00,14,75,0.0,0.0,0.0,0.0,0.0,0.0,0.0,0.0,15,14,0.0,0.0,0.0,0.0,0.0,0.0,0.0,10.714285714285715,0.0,0.0,0.0,0.0,1.0
syn-reconnaissance-0052-98c1ca1d,reconnaissance,SYNTHETIC,syn-campaign-reconnaissance-0010,syn-reconnaissance,v1,2026-09-09T18:04:39+00:00,14,26,0.0,0.0,0.0,0.0,0.0,0.0,0.0,0.0,16,14,0.0,0.0,0.0,0.0,0.0,0.0,0.0,36.92307692307692,0.0,0.0,0.0,0.0,1.0
syn-reconnaissance-0053-0b755ebe,reconnaissance,SYNTHETIC,syn-campaign-reconnaissance-0010,syn-reconnaissance,v1,2026-09-09T18:04:39+00:00,15,96,0.0,0.0,0.0,0.0,0.0,0.0,0.0,0.0,14,14,0.0,0.0,0.0,0.0,0.0,0.0,0.0,10.769230769230768,0.0,0.0,0.0,0.0,1.0
syn-reconnaissance-0054-cad727b8,reconnaissance,SYNTHETIC,syn-campaign-reconnaissance-0010,syn-reconnaissance,v1,2026-09-09T18:04:39+00:00,9,95,0.0,0.0,0.0,0.0,0.0,0.0,0.0,0.0,12,14,0.0,0.0,0.0,0.0,0.0,0.0,0.0,9.473684210526317,0.0,0.0,0.0,0.0,1.0
syn-reconnaissance-0055-4a64f8b6,reconnaissance,SYNTHETIC,syn-campaign-reconnaissance-0011,syn-reconnaissance,v1,2026-09-09T18:04:39+00:00,11,51,0.0,0.0,0.0,0.0,0.0,0.0,0.0,0.0,10,8,0.0,0.0,0.0,0.0,0.0,0.0,0.0,13.333333333333334,0.0,0.0,0.0,0.0,1.0
syn-reconnaissance-0056-cfc5d133,reconnaissance,SYNTHETIC,syn-campaign-reconnaissance-0011,syn-reconnaissance,v1,2026-09-09T18:04:39+00:00,20,19,0.0,0.0,0.0,0.0,0.0,0.0,0.0,0.0,25,13,0.0,0.0,0.0,0.0,0.0,0.0,0.0,71.42857142857143,0.0,0.0,0.0,0.0,1.0
syn-reconnaissance-0057-6942fca6,reconnaissance,SYNTHETIC,syn-campaign-reconnaissance-0011,syn-reconnaissance,v1,2026-09-09T18:04:39+00:00,8,86,0.0,0.0,0.0,0.0,0.0,0.0,0.0,0.0,9,15,0.0,0.0,0.0,0.0,0.0,0.0,0.0,8.059701492537313,0.0,0.0,0.0,0.0,1.0
syn-reconnaissance-0058-4d2a03ff,reconnaissance,SYNTHETIC,syn-campaign-reconnaissance-0011,syn-reconnaissance,v1,2026-09-09T18:04:39+00:00,16,53,0.0,0.0,0.0,0.0,0.0,0.0,0.0,0.0,14,9,0.0,0.0,0.0,0.0,0.0,0.0,0.0,18.26086956521739,0.0,0.0,0.0,0.0,1.0
syn-reconnaissance-0059-758487ee,reconnaissance,SYNTHETIC,syn-campaign-reconnaissance-0011,syn-reconnaissance,v1,2026-09-09T18:04:39+00:00,17,35,0.0,0.0,0.0,0.0,0.0,0.0,0.0,0.0,15,13,0.0,0.0,0.0,0.0,0.0,0.0,0.0,30.0,0.0,0.0,0.0,0.0,1.0
syn-brute_force-0060-54b26cf2,brute_force,SYNTHETIC,syn-campaign-brute_force-0012,syn-brute_force,v1,2026-09-09T18:04:39+00:00,24,0,0.0,0.0,29,1,0.9655172413793104,14,0.0,0.0,0.0,0.0,0.0,0.0,0.0,0.0,0.0,0.0,0.0,0.0,28000000.0,0.0,0.0,0.0,0.0
syn-brute_force-0061-5198a52a,brute_force,SYNTHETIC,syn-campaign-brute_force-0012,syn-brute_force,v1,2026-09-09T18:04:39+00:00,29,0,0.0,0.0,35,0,1.0,13,0.0,0.0,0.0,0.0,0.0,0.0,0.0,0.0,0.0,0.0,0.0,0.0,35000000.0,0.0,0.0,0.0,0.0
syn-brute_force-0062-261b05b4,brute_force,SYNTHETIC,syn-campaign-brute_force-0012,syn-brute_force,v1,2026-09-09T18:04:39+00:00,41,0,0.0,0.0,49,2,0.9591836734693877,7,0.0,0.0,0.0,0.0,0.0,0.0,0.0,0.0,0.0,0.0,0.0,0.0,47000000.0,0.0,0.0,0.0,0.0
syn-brute_force-0063-914d4d52,brute_force,SYNTHETIC,syn-campaign-brute_force-0012,syn-brute_force,v1,2026-09-09T18:04:39+00:00,38,0,0.0,0.0,34,1,0.9705882352941176,9,0.0,0.0,0.0,0.0,0.0,0.0,0.0,0.0,0.0,0.0,0.0,0.0,33000000.0,0.0,0.0,0.0,0.0
syn-brute_force-0064-5fe021b5,brute_force,SYNTHETIC,syn-campaign-brute_force-0012,syn-brute_force,v1,2026-09-09T18:04:39+00:00,36,0,0.0,0.0,35,0,1.0,15,0.0,0.0,0.0,0.0,0.0,0.0,0.0,0.0,0.0,0.0,0.0,0.0,35000000.0,0.0,0.0,0.0,0.0
syn-brute_force-0065-9e8912c3,brute_force,SYNTHETIC,syn-campaign-brute_force-0013,syn-brute_force,v1,2026-09-09T18:04:39+00:00,36,0,0.0,0.0,33,1,0.9696969696969697,9,0.0,0.0,0.0,0.0,0.0,0.0,0.0,0.0,0.0,0.0,0.0,0.0,32000000.0,0.0,0.0,0.0,0.0
syn-brute_force-0066-db823676,brute_force,SYNTHETIC,syn-campaign-brute_force-0013,syn-brute_force,v1,2026-09-09T18:04:39+00:00,20,0,0.0,0.0,22,1,0.9545454545454546,11,0.0,0.0,0.0,0.0,0.0,0.0,0.0,0.0,0.0,0.0,0.0,0.0,21000000.0,0.0,0.0,0.0,0.0
syn-brute_force-0067-818a5352,brute_force,SYNTHETIC,syn-campaign-brute_force-0013,syn-brute_force,v1,2026-09-09T18:04:39+00:00,21,0,0.0,0.0,22,0,1.0,11,0.0,0.0,0.0,0.0,0.0,0.0,0.0,0.0,0.0,0.0,0.0,0.0,22000000.0,0.0,0.0,0.0,0.0
syn-brute_force-0068-c2dd757e,brute_force,SYNTHETIC,syn-campaign-brute_force-0013,syn-brute_force,v1,2026-09-09T18:04:39+00:00,37,0,0.0,0.0,43,1,0.9767441860465116,13,0.0,0.0,0.0,0.0,0.0,0.0,0.0,0.0,0.0,0.0,0.0,0.0,42000000.0,0.0,0.0,0.0,0.0
syn-brute_force-0069-9babc1d8,brute_force,SYNTHETIC,syn-campaign-brute_force-0013,syn-brute_force,v1,2026-09-09T18:04:39+00:00,39,0,0.0,0.0,41,0,1.0,6,0.0,0.0,0.0,0.0,0.0,0.0,0.0,0.0,0.0,0.0,0.0,0.0,41000000.0,0.0,0.0,0.0,0.0
syn-brute_force-0070-71c9895c,brute_force,SYNTHETIC,syn-campaign-brute_force-0014,syn-brute_force,v1,2026-09-09T18:04:39+00:00,48,0,0.0,0.0,49,0,1.0,9,0.0,0.0,0.0,0.0,0.0,0.0,0.0,0.0,0.0,0.0,0.0,0.0,49000000.0,0.0,0.0,0.0,0.0
syn-brute_force-0071-e6b6a791,brute_force,SYNTHETIC,syn-campaign-brute_force-0014,syn-brute_force,v1,2026-09-09T18:04:39+00:00,24,0,0.0,0.0,30,2,0.9333333333333333,14,0.0,0.0,0.0,0.0,0.0,0.0,0.0,0.0,0.0,0.0,0.0,0.0,28000000.0,0.0,0.0,0.0,0.0
syn-brute_force-0072-0e24e3c5,brute_force,SYNTHETIC,syn-campaign-brute_force-0014,syn-brute_force,v1,2026-09-09T18:04:39+00:00,21,0,0.0,0.0,22,2,0.9090909090909091,7,0.0,0.0,0.0,0.0,0.0,0.0,0.0,0.0,0.0,0.0,0.0,0.0,20000000.0,0.0,0.0,0.0,0.0
syn-brute_force-0073-bd5d76e7,brute_force,SYNTHETIC,syn-campaign-brute_force-0014,syn-brute_force,v1,2026-09-09T18:04:39+00:00,25,0,0.0,0.0,28,0,1.0,13,0.0,0.0,0.0,0.0,0.0,0.0,0.0,0.0,0.0,0.0,0.0,0.0,28000000.0,0.0,0.0,0.0,0.0
syn-brute_force-0074-a0c66d5a,brute_force,SYNTHETIC,syn-campaign-brute_force-0014,syn-brute_force,v1,2026-09-09T18:04:39+00:00,41,0,0.0,0.0,47,2,0.9574468085106383,13,0.0,0.0,0.0,0.0,0.0,0.0,0.0,0.0,0.0,0.0,0.0,0.0,45000000.0,0.0,0.0,0.0,0.0
syn-brute_force-0075-8eabf0ad,brute_force,SYNTHETIC,syn-campaign-brute_force-0015,syn-brute_force,v1,2026-09-09T18:04:39+00:00,36,0,0.0,0.0,34,2,0.9411764705882353,11,0.0,0.0,0.0,0.0,0.0,0.0,0.0,0.0,0.0,0.0,0.0,0.0,32000000.0,0.0,0.0,0.0,0.0
syn-brute_force-0076-4ea8fac5,brute_force,SYNTHETIC,syn-campaign-brute_force-0015,syn-brute_force,v1,2026-09-09T18:04:39+00:00,28,0,0.0,0.0,31,1,0.967741935483871,11,0.0,0.0,0.0,0.0,0.0,0.0,0.0,0.0,0.0,0.0,0.0,0.0,30000000.0,0.0,0.0,0.0,0.0
syn-brute_force-0077-07b19875,brute_force,SYNTHETIC,syn-campaign-brute_force-0015,syn-brute_force,v1,2026-09-09T18:04:39+00:00,38,0,0.0,0.0,45,1,0.9777777777777777,10,0.0,0.0,0.0,0.0,0.0,0.0,0.0,0.0,0.0,0.0,0.0,0.0,44000000.0,0.0,0.0,0.0,0.0
syn-brute_force-0078-4789d565,brute_force,SYNTHETIC,syn-campaign-brute_force-0015,syn-brute_force,v1,2026-09-09T18:04:39+00:00,44,0,0.0,0.0,46,0,1.0,6,0.0,0.0,0.0,0.0,0.0,0.0,0.0,0.0,0.0,0.0,0.0,0.0,46000000.0,0.0,0.0,0.0,0.0
syn-brute_force-0079-c529e959,brute_force,SYNTHETIC,syn-campaign-brute_force-0015,syn-brute_force,v1,2026-09-09T18:04:39+00:00,28,0,0.0,0.0,24,1,0.9583333333333334,10,0.0,0.0,0.0,0.0,0.0,0.0,0.0,0.0,0.0,0.0,0.0,0.0,23000000.0,0.0,0.0,0.0,0.0
syn-brute_force-0080-1aa7e776,brute_force,SYNTHETIC,syn-campaign-brute_force-0016,syn-brute_force,v1,2026-09-09T18:04:39+00:00,31,0,0.0,0.0,28,1,0.9642857142857143,13,0.0,0.0,0.0,0.0,0.0,0.0,0.0,0.0,0.0,0.0,0.0,0.0,27000000.0,0.0,0.0,0.0,0.0
syn-brute_force-0081-a26b05c4,brute_force,SYNTHETIC,syn-campaign-brute_force-0016,syn-brute_force,v1,2026-09-09T18:04:39+00:00,28,0,0.0,0.0,36,1,0.9722222222222222,10,0.0,0.0,0.0,0.0,0.0,0.0,0.0,0.0,0.0,0.0,0.0,0.0,35000000.0,0.0,0.0,0.0,0.0
syn-brute_force-0082-d008e6d8,brute_force,SYNTHETIC,syn-campaign-brute_force-0016,syn-brute_force,v1,2026-09-09T18:04:39+00:00,19,0,0.0,0.0,24,1,0.9583333333333334,13,0.0,0.0,0.0,0.0,0.0,0.0,0.0,0.0,0.0,0.0,0.0,0.0,23000000.0,0.0,0.0,0.0,0.0
syn-brute_force-0083-0558b020,brute_force,SYNTHETIC,syn-campaign-brute_force-0016,syn-brute_force,v1,2026-09-09T18:04:39+00:00,39,0,0.0,0.0,35,1,0.9714285714285714,6,0.0,0.0,0.0,0.0,0.0,0.0,0.0,0.0,0.0,0.0,0.0,0.0,34000000.0,0.0,0.0,0.0,0.0
syn-brute_force-0084-62ccd654,brute_force,SYNTHETIC,syn-campaign-brute_force-0016,syn-brute_force,v1,2026-09-09T18:04:39+00:00,42,0,0.0,0.0,43,1,0.9767441860465116,5,0.0,0.0,0.0,0.0,0.0,0.0,0.0,0.0,0.0,0.0,0.0,0.0,42000000.0,0.0,0.0,0.0,0.0
syn-brute_force-0085-f8aeed8d,brute_force,SYNTHETIC,syn-campaign-brute_force-0017,syn-brute_force,v1,2026-09-09T18:04:39+00:00,23,0,0.0,0.0,26,2,0.9230769230769231,14,0.0,0.0,0.0,0.0,0.0,0.0,0.0,0.0,0.0,0.0,0.0,0.0,24000000.0,0.0,0.0,0.0,0.0
syn-brute_force-0086-9c6c5eee,brute_force,SYNTHETIC,syn-campaign-brute_force-0017,syn-brute_force,v1,2026-09-09T18:04:39+00:00,47,0,0.0,0.0,45,0,1.0,13,0.0,0.0,0.0,0.0,0.0,0.0,0.0,0.0,0.0,0.0,0.0,0.0,45000000.0,0.0,0.0,0.0,0.0
syn-brute_force-0087-af1bb7d5,brute_force,SYNTHETIC,syn-campaign-brute_force-0017,syn-brute_force,v1,2026-09-09T18:04:39+00:00,19,0,0.0,0.0,24,2,0.9166666666666666,8,0.0,0.0,0.0,0.0,0.0,0.0,0.0,0.0,0.0,0.0,0.0,0.0,22000000.0,0.0,0.0,0.0,0.0
syn-brute_force-0088-0670a2d1,brute_force,SYNTHETIC,syn-campaign-brute_force-0017,syn-brute_force,v1,2026-09-09T18:04:39+00:00,30,0,0.0,0.0,32,0,1.0,10,0.0,0.0,0.0,0.0,0.0,0.0,0.0,0.0,0.0,0.0,0.0,0.0,32000000.0,0.0,0.0,0.0,0.0
syn-brute_force-0089-0334882b,brute_force,SYNTHETIC,syn-campaign-brute_force-0017,syn-brute_force,v1,2026-09-09T18:04:39+00:00,21,0,0.0,0.0,22,2,0.9090909090909091,9,0.0,0.0,0.0,0.0,0.0,0.0,0.0,0.0,0.0,0.0,0.0,0.0,20000000.0,0.0,0.0,0.0,0.0
syn-default_credentials-0090-b99045ab,default_credentials,SYNTHETIC,syn-campaign-default_credentials-0018,syn-default_credentials,v1,2026-09-09T18:04:39+00:00,2,0,0.0,0.0,3,1.0,0.6666666666666666,0.0,0.0,0.0,0.0,0.0,0.0,0.0,0.0,0.0,0.0,0.0,0.0,0.0,0.0,0.0,0.0,1.0,0.0
syn-default_credentials-0091-55c7bc81,default_credentials,SYNTHETIC,syn-campaign-default_credentials-0018,syn-default_credentials,v1,2026-09-09T18:04:39+00:00,1,0,0.0,0.0,2,1.0,0.5,0.0,0.0,0.0,0.0,0.0,0.0,0.0,0.0,0.0,0.0,0.0,0.0,0.0,0.0,0.0,0.0,1.0,0.0
syn-default_credentials-0092-f45b7eea,default_credentials,SYNTHETIC,syn-campaign-default_credentials-0018,syn-default_credentials,v1,2026-09-09T18:04:39+00:00,4,0,0.0,0.0,5,1.0,0.8,0.0,0.0,0.0,0.0,0.0,0.0,0.0,0.0,0.0,0.0,0.0,0.0,0.0,0.0,0.0,0.0,1.0,0.0
syn-default_credentials-0093-52a9a21a,default_credentials,SYNTHETIC,syn-campaign-default_credentials-0018,syn-default_credentials,v1,2026-09-09T18:04:39+00:00,5,0,0.0,0.0,5,1.0,0.8,0.0,0.0,0.0,0.0,0.0,0.0,0.0,0.0,0.0,0.0,0.0,0.0,0.0,0.0,0.0,0.0,1.0,0.0
syn-default_credentials-0094-229b264d,default_credentials,SYNTHETIC,syn-campaign-default_credentials-0018,syn-default_credentials,v1,2026-09-09T18:04:39+00:00,3,0,0.0,0.0,3,1.0,0.6666666666666666,0.0,0.0,0.0,0.0,0.0,0.0,0.0,0.0,0.0,0.0,0.0,0.0,0.0,0.0,0.0,0.0,1.0,0.0
syn-default_credentials-0095-2d4ca1e4,default_credentials,SYNTHETIC,syn-campaign-default_credentials-0019,syn-default_credentials,v1,2026-09-09T18:04:39+00:00,2,0,0.0,0.0,3,1.0,0.6666666666666666,0.0,0.0,0.0,0.0,0.0,0.0,0.0,0.0,0.0,0.0,0.0,0.0,0.0,0.0,0.0,0.0,1.0,0.0
syn-default_credentials-0096-44c2ff5c,default_credentials,SYNTHETIC,syn-campaign-default_credentials-0019,syn-default_credentials,v1,2026-09-09T18:04:39+00:00,4,0,0.0,0.0,4,1.0,0.75,0.0,0.0,0.0,0.0,0.0,0.0,0.0,0.0,0.0,0.0,0.0,0.0,0.0,0.0,0.0,0.0,1.0,0.0
syn-default_credentials-0097-a38516f0,default_credentials,SYNTHETIC,syn-campaign-default_credentials-0019,syn-default_credentials,v1,2026-09-09T18:04:39+00:00,2,0,0.0,0.0,3,1.0,0.6666666666666666,0.0,0.0,0.0,0.0,0.0,0.0,0.0,0.0,0.0,0.0,0.0,0.0,0.0,0.0,0.0,0.0,1.0,0.0
syn-default_credentials-0098-6456de6e,default_credentials,SYNTHETIC,syn-campaign-default_credentials-0019,syn-default_credentials,v1,2026-09-09T18:04:39+00:00,4,0,0.0,0.0,4,1.0,0.75,0.0,0.0,0.0,0.0,0.0,0.0,0.0,0.0,0.0,0.0,0.0,0.0,0.0,0.0,0.0,0.0,1.0,0.0
syn-default_credentials-0099-ac6ed217,default_credentials,SYNTHETIC,syn-campaign-default_credentials-0019,syn-default_credentials,v1,2026-09-09T18:04:39+00:00,5,0,0.0,0.0,5,1.0,0.8,0.0,0.0,0.0,0.0,0.0,0.0,0.0,0.0,0.0,0.0,0.0,0.0,0.0,0.0,0.0,0.0,1.0,0.0
syn-default_credentials-0100-873219a2,default_credentials,SYNTHETIC,syn-campaign-default_credentials-0020,syn-default_credentials,v1,2026-09-09T18:04:39+00:00,2,0,0.0,0.0,3,1.0,0.6666666666666666,0.0,0.0,0.0,0.0,0.0,0.0,0.0,0.0,0.0,0.0,0.0,0.0,0.0,0.0,0.0,0.0,1.0,0.0
syn-default_credentials-0101-288cc19e,default_credentials,SYNTHETIC,syn-campaign-default_credentials-0020,syn-default_credentials,v1,2026-09-09T18:04:39+00:00,2,0,0.0,0.0,3,1.0,0.6666666666666666,0.0,0.0,0.0,0.0,0.0,0.0,0.0,0.0,0.0,0.0,0.0,0.0,0.0,0.0,0.0,0.0,1.0,0.0
syn-default_credentials-0102-d79fd89a,default_credentials,SYNTHETIC,syn-campaign-default_credentials-0020,syn-default_credentials,v1,2026-09-09T18:04:39+00:00,2,0,0.0,0.0,3,1.0,0.6666666666666666,0.0,0.0,0.0,0.0,0.0,0.0,0.0,0.0,0.0,0.0,0.0,0.0,0.0,0.0,0.0,0.0,1.0,0.0
syn-default_credentials-0103-583d5c86,default_credentials,SYNTHETIC,syn-campaign-default_credentials-0020,syn-default_credentials,v1,2026-09-09T18:04:39+00:00,4,0,0.0,0.0,5,1.0,0.8,0.0,0.0,0.0,0.0,0.0,0.0,0.0,0.0,0.0,0.0,0.0,0.0,0.0,0.0,0.0,0.0,1.0,0.0
syn-default_credentials-0104-17ea253f,default_credentials,SYNTHETIC,syn-campaign-default_credentials-0020,syn-default_credentials,v1,2026-09-09T18:04:39+00:00,1,0,0.0,0.0,2,1.0,0.5,0.0,0.0,0.0,0.0,0.0,0.0,0.0,0.0,0.0,0.0,0.0,0.0,0.0,0.0,0.0,0.0,1.0,0.0
syn-default_credentials-0105-b2eb44d5,default_credentials,SYNTHETIC,syn-campaign-default_credentials-0021,syn-default_credentials,v1,2026-09-09T18:04:39+00:00,4,0,0.0,0.0,4,1.0,0.75,0.0,0.0,0.0,0.0,0.0,0.0,0.0,0.0,0.0,0.0,0.0,0.0,0.0,0.0,0.0,0.0,1.0,0.0
syn-default_credentials-0106-c60118b2,default_credentials,SYNTHETIC,syn-campaign-default_credentials-0021,syn-default_credentials,v1,2026-09-09T18:04:39+00:00,5,0,0.0,0.0,5,1.0,0.8,0.0,0.0,0.0,0.0,0.0,0.0,0.0,0.0,0.0,0.0,0.0,0.0,0.0,0.0,0.0,0.0,1.0,0.0
syn-default_credentials-0107-7a7354a4,default_credentials,SYNTHETIC,syn-campaign-default_credentials-0021,syn-default_credentials,v1,2026-09-09T18:04:39+00:00,2,0,0.0,0.0,3,1.0,0.6666666666666666,0.0,0.0,0.0,0.0,0.0,0.0,0.0,0.0,0.0,0.0,0.0,0.0,0.0,0.0,0.0,0.0,1.0,0.0
syn-default_credentials-0108-4b549c41,default_credentials,SYNTHETIC,syn-campaign-default_credentials-0021,syn-default_credentials,v1,2026-09-09T18:04:39+00:00,2,0,0.0,0.0,3,1.0,0.6666666666666666,0.0,0.0,0.0,0.0,0.0,0.0,0.0,0.0,0.0,0.0,0.0,0.0,0.0,0.0,0.0,0.0,1.0,0.0
syn-default_credentials-0109-dc40fa84,default_credentials,SYNTHETIC,syn-campaign-default_credentials-0021,syn-default_credentials,v1,2026-09-09T18:04:39+00:00,4,0,0.0,0.0,4,1.0,0.75,0.0,0.0,0.0,0.0,0.0,0.0,0.0,0.0,0.0,0.0,0.0,0.0,0.0,0.0,0.0,0.0,1.0,0.0
syn-default_credentials-0110-68921af8,default_credentials,SYNTHETIC,syn-campaign-default_credentials-0022,syn-default_credentials,v1,2026-09-09T18:04:39+00:00,4,0,0.0,0.0,5,1.0,0.8,0.0,0.0,0.0,0.0,0.0,0.0,0.0,0.0,0.0,0.0,0.0,0.0,0.0,0.0,0.0,0.0,1.0,0.0
syn-default_credentials-0111-20c9ade9,default_credentials,SYNTHETIC,syn-campaign-default_credentials-0022,syn-default_credentials,v1,2026-09-09T18:04:39+00:00,3,0,0.0,0.0,3,1.0,0.6666666666666666,0.0,0.0,0.0,0.0,0.0,0.0,0.0,0.0,0.0,0.0,0.0,0.0,0.0,0.0,0.0,0.0,1.0,0.0
syn-default_credentials-0112-298ab9f6,default_credentials,SYNTHETIC,syn-campaign-default_credentials-0022,syn-default_credentials,v1,2026-09-09T18:04:39+00:00,4,0,0.0,0.0,5,1.0,0.8,0.0,0.0,0.0,0.0,0.0,0.0,0.0,0.0,0.0,0.0,0.0,0.0,0.0,0.0,0.0,0.0,1.0,0.0
syn-default_credentials-0113-e4956cf0,default_credentials,SYNTHETIC,syn-campaign-default_credentials-0022,syn-default_credentials,v1,2026-09-09T18:04:39+00:00,2,0,0.0,0.0,2,1.0,0.5,0.0,0.0,0.0,0.0,0.0,0.0,0.0,0.0,0.0,0.0,0.0,0.0,0.0,0.0,0.0,0.0,1.0,0.0
syn-default_credentials-0114-9a7794e8,default_credentials,SYNTHETIC,syn-campaign-default_credentials-0022,syn-default_credentials,v1,2026-09-09T18:04:39+00:00,3,0,0.0,0.0,3,1.0,0.6666666666666666,0.0,0.0,0.0,0.0,0.0,0.0,0.0,0.0,0.0,0.0,0.0,0.0,0.0,0.0,0.0,0.0,1.0,0.0
syn-default_credentials-0115-053470d4,default_credentials,SYNTHETIC,syn-campaign-default_credentials-0023,syn-default_credentials,v1,2026-09-09T18:04:39+00:00,4,0,0.0,0.0,4,1.0,0.75,0.0,0.0,0.0,0.0,0.0,0.0,0.0,0.0,0.0,0.0,0.0,0.0,0.0,0.0,0.0,0.0,1.0,0.0
syn-default_credentials-0116-74870047,default_credentials,SYNTHETIC,syn-campaign-default_credentials-0023,syn-default_credentials,v1,2026-09-09T18:04:39+00:00,3,0,0.0,0.0,4,1.0,0.75,0.0,0.0,0.0,0.0,0.0,0.0,0.0,0.0,0.0,0.0,0.0,0.0,0.0,0.0,0.0,0.0,1.0,0.0
syn-default_credentials-0117-cc080650,default_credentials,SYNTHETIC,syn-campaign-default_credentials-0023,syn-default_credentials,v1,2026-09-09T18:04:39+00:00,3,0,0.0,0.0,3,1.0,0.6666666666666666,0.0,0.0,0.0,0.0,0.0,0.0,0.0,0.0,0.0,0.0,0.0,0.0,0.0,0.0,0.0,0.0,1.0,0.0
syn-default_credentials-0118-bae1cdd8,default_credentials,SYNTHETIC,syn-campaign-default_credentials-0023,syn-default_credentials,v1,2026-09-09T18:04:39+00:00,2,0,0.0,0.0,3,1.0,0.6666666666666666,0.0,0.0,0.0,0.0,0.0,0.0,0.0,0.0,0.0,0.0,0.0,0.0,0.0,0.0,0.0,0.0,1.0,0.0
syn-default_credentials-0119-5a97457d,default_credentials,SYNTHETIC,syn-campaign-default_credentials-0023,syn-default_credentials,v1,2026-09-09T18:04:39+00:00,3,0,0.0,0.0,4,1.0,0.75,0.0,0.0,0.0,0.0,0.0,0.0,0.0,0.0,0.0,0.0,0.0,0.0,0.0,0.0,0.0,0.0,1.0,0.0
syn-command_injection-0120-296e1192,command_injection,SYNTHETIC,syn-campaign-command_injection-0024,syn-command_injection,v1,2026-09-09T18:04:39+00:00,11,0,0.0,0.0,0.0,0.0,0.0,0.0,2,2,12,0.0,0.0,0.0,0.0,0.0,0.0,0.0,0.0,0.0,0.0,0.0,1.0,0.0,0.0
syn-command_injection-0121-affbf957,command_injection,SYNTHETIC,syn-campaign-command_injection-0024,syn-command_injection,v1,2026-09-09T18:04:39+00:00,4,0,0.0,0.0,0.0,0.0,0.0,0.0,2,2,5,0.0,0.0,0.0,0.0,0.0,0.0,0.0,0.0,0.0,0.0,0.0,1.0,0.0,0.0
syn-command_injection-0122-b3e17815,command_injection,SYNTHETIC,syn-campaign-command_injection-0024,syn-command_injection,v1,2026-09-09T18:04:39+00:00,10,0,0.0,0.0,0.0,0.0,0.0,0.0,2,2,12,0.0,0.0,0.0,0.0,0.0,0.0,0.0,0.0,0.0,0.0,0.0,1.0,0.0,0.0
syn-command_injection-0123-f89cf598,command_injection,SYNTHETIC,syn-campaign-command_injection-0024,syn-command_injection,v1,2026-09-09T18:04:39+00:00,3,0,0.0,0.0,0.0,0.0,0.0,0.0,3,3,4,0.0,0.0,0.0,0.0,0.0,0.0,0.0,0.0,0.0,0.0,0.0,1.0,0.0,0.0
syn-command_injection-0124-ade1cf09,command_injection,SYNTHETIC,syn-campaign-command_injection-0024,syn-command_injection,v1,2026-09-09T18:04:39+00:00,6,0,0.0,0.0,0.0,0.0,0.0,0.0,1,1,8,0.0,0.0,0.0,0.0,0.0,0.0,0.0,0.0,0.0,0.0,0.0,1.0,0.0,0.0
syn-command_injection-0125-15e3e883,command_injection,SYNTHETIC,syn-campaign-command_injection-0025,syn-command_injection,v1,2026-09-09T18:04:39+00:00,6,0,0.0,0.0,0.0,0.0,0.0,0.0,2,2,7,0.0,0.0,0.0,0.0,0.0,0.0,0.0,0.0,0.0,0.0,0.0,1.0,0.0,0.0
syn-command_injection-0126-9521dc44,command_injection,SYNTHETIC,syn-campaign-command_injection-0025,syn-command_injection,v1,2026-09-09T18:04:39+00:00,4,0,0.0,0.0,0.0,0.0,0.0,0.0,4,4,4,0.0,0.0,0.0,0.0,0.0,0.0,0.0,0.0,0.0,0.0,0.0,1.0,0.0,0.0
syn-command_injection-0127-688f461a,command_injection,SYNTHETIC,syn-campaign-command_injection-0025,syn-command_injection,v1,2026-09-09T18:04:39+00:00,4,0,0.0,0.0,0.0,0.0,0.0,0.0,1,1,4,0.0,0.0,0.0,0.0,0.0,0.0,0.0,0.0,0.0,0.0,0.0,1.0,0.0,0.0
syn-command_injection-0128-92c11ed2,command_injection,SYNTHETIC,syn-campaign-command_injection-0025,syn-command_injection,v1,2026-09-09T18:04:39+00:00,6,0,0.0,0.0,0.0,0.0,0.0,0.0,4,4,7,0.0,0.0,0.0,0.0,0.0,0.0,0.0,0.0,0.0,0.0,0.0,1.0,0.0,0.0
syn-command_injection-0129-77c8f54a,command_injection,SYNTHETIC,syn-campaign-command_injection-0025,syn-command_injection,v1,2026-09-09T18:04:39+00:00,12,0,0.0,0.0,0.0,0.0,0.0,0.0,3,3,12,0.0,0.0,0.0,0.0,0.0,0.0,0.0,0.0,0.0,0.0,0.0,1.0,0.0,0.0
syn-command_injection-0130-fab29d4a,command_injection,SYNTHETIC,syn-campaign-command_injection-0026,syn-command_injection,v1,2026-09-09T18:04:39+00:00,13,0,0.0,0.0,0.0,0.0,0.0,0.0,4,4,12,0.0,0.0,0.0,0.0,0.0,0.0,0.0,0.0,0.0,0.0,0.0,1.0,0.0,0.0
syn-command_injection-0131-f14adbf6,command_injection,SYNTHETIC,syn-campaign-command_injection-0026,syn-command_injection,v1,2026-09-09T18:04:39+00:00,8,0,0.0,0.0,0.0,0.0,0.0,0.0,3,3,9,0.0,0.0,0.0,0.0,0.0,0.0,0.0,0.0,0.0,0.0,0.0,1.0,0.0,0.0
syn-command_injection-0132-3c0780d9,command_injection,SYNTHETIC,syn-campaign-command_injection-0026,syn-command_injection,v1,2026-09-09T18:04:39+00:00,10,0,0.0,0.0,0.0,0.0,0.0,0.0,2,2,10,0.0,0.0,0.0,0.0,0.0,0.0,0.0,0.0,0.0,0.0,0.0,1.0,0.0,0.0
syn-command_injection-0133-d951b749,command_injection,SYNTHETIC,syn-campaign-command_injection-0026,syn-command_injection,v1,2026-09-09T18:04:39+00:00,13,0,0.0,0.0,0.0,0.0,0.0,0.0,3,3,11,0.0,0.0,0.0,0.0,0.0,0.0,0.0,0.0,0.0,0.0,0.0,1.0,0.0,0.0
syn-command_injection-0134-dd610cc5,command_injection,SYNTHETIC,syn-campaign-command_injection-0026,syn-command_injection,v1,2026-09-09T18:04:39+00:00,9,0,0.0,0.0,0.0,0.0,0.0,0.0,2,2,11,0.0,0.0,0.0,0.0,0.0,0.0,0.0,0.0,0.0,0.0,0.0,1.0,0.0,0.0
syn-command_injection-0135-c700ff66,command_injection,SYNTHETIC,syn-campaign-command_injection-0027,syn-command_injection,v1,2026-09-09T18:04:39+00:00,8,0,0.0,0.0,0.0,0.0,0.0,0.0,3,3,9,0.0,0.0,0.0,0.0,0.0,0.0,0.0,0.0,0.0,0.0,0.0,1.0,0.0,0.0
syn-command_injection-0136-797af2ed,command_injection,SYNTHETIC,syn-campaign-command_injection-0027,syn-command_injection,v1,2026-09-09T18:04:39+00:00,11,0,0.0,0.0,0.0,0.0,0.0,0.0,1,1,10,0.0,0.0,0.0,0.0,0.0,0.0,0.0,0.0,0.0,0.0,0.0,1.0,0.0,0.0
syn-command_injection-0137-400cf9d4,command_injection,SYNTHETIC,syn-campaign-command_injection-0027,syn-command_injection,v1,2026-09-09T18:04:39+00:00,4,0,0.0,0.0,0.0,0.0,0.0,0.0,2,2,5,0.0,0.0,0.0,0.0,0.0,0.0,0.0,0.0,0.0,0.0,0.0,1.0,0.0,0.0
syn-command_injection-0138-b1fca0cc,command_injection,SYNTHETIC,syn-campaign-command_injection-0027,syn-command_injection,v1,2026-09-09T18:04:39+00:00,7,0,0.0,0.0,0.0,0.0,0.0,0.0,4,4,7,0.0,0.0,0.0,0.0,0.0,0.0,0.0,0.0,0.0,0.0,0.0,1.0,0.0,0.0
syn-command_injection-0139-5960fb79,command_injection,SYNTHETIC,syn-campaign-command_injection-0027,syn-command_injection,v1,2026-09-09T18:04:39+00:00,3,0,0.0,0.0,0.0,0.0,0.0,0.0,3,3,4,0.0,0.0,0.0,0.0,0.0,0.0,0.0,0.0,0.0,0.0,0.0,1.0,0.0,0.0
syn-command_injection-0140-82d10efb,command_injection,SYNTHETIC,syn-campaign-command_injection-0028,syn-command_injection,v1,2026-09-09T18:04:39+00:00,4,0,0.0,0.0,0.0,0.0,0.0,0.0,1,1,5,0.0,0.0,0.0,0.0,0.0,0.0,0.0,0.0,0.0,0.0,0.0,1.0,0.0,0.0
syn-command_injection-0141-155e1751,command_injection,SYNTHETIC,syn-campaign-command_injection-0028,syn-command_injection,v1,2026-09-09T18:04:39+00:00,14,0,0.0,0.0,0.0,0.0,0.0,0.0,1,1,12,0.0,0.0,0.0,0.0,0.0,0.0,0.0,0.0,0.0,0.0,0.0,1.0,0.0,0.0
syn-command_injection-0142-52e90b49,command_injection,SYNTHETIC,syn-campaign-command_injection-0028,syn-command_injection,v1,2026-09-09T18:04:39+00:00,12,0,0.0,0.0,0.0,0.0,0.0,0.0,2,2,11,0.0,0.0,0.0,0.0,0.0,0.0,0.0,0.0,0.0,0.0,0.0,1.0,0.0,0.0
syn-command_injection-0143-89ea9750,command_injection,SYNTHETIC,syn-campaign-command_injection-0028,syn-command_injection,v1,2026-09-09T18:04:39+00:00,5,0,0.0,0.0,0.0,0.0,0.0,0.0,1,1,6,0.0,0.0,0.0,0.0,0.0,0.0,0.0,0.0,0.0,0.0,0.0,1.0,0.0,0.0
syn-command_injection-0144-9efd9e6f,command_injection,SYNTHETIC,syn-campaign-command_injection-0028,syn-command_injection,v1,2026-09-09T18:04:39+00:00,9,0,0.0,0.0,0.0,0.0,0.0,0.0,1,1,11,0.0,0.0,0.0,0.0,0.0,0.0,0.0,0.0,0.0,0.0,0.0,1.0,0.0,0.0
syn-command_injection-0145-c7f0b7bf,command_injection,SYNTHETIC,syn-campaign-command_injection-0029,syn-command_injection,v1,2026-09-09T18:04:39+00:00,10,0,0.0,0.0,0.0,0.0,0.0,0.0,1,1,10,0.0,0.0,0.0,0.0,0.0,0.0,0.0,0.0,0.0,0.0,0.0,1.0,0.0,0.0
syn-command_injection-0146-c4abb9c6,command_injection,SYNTHETIC,syn-campaign-command_injection-0029,syn-command_injection,v1,2026-09-09T18:04:39+00:00,6,0,0.0,0.0,0.0,0.0,0.0,0.0,2,2,6,0.0,0.0,0.0,0.0,0.0,0.0,0.0,0.0,0.0,0.0,0.0,1.0,0.0,0.0
syn-command_injection-0147-c5660cc3,command_injection,SYNTHETIC,syn-campaign-command_injection-0029,syn-command_injection,v1,2026-09-09T18:04:39+00:00,5,0,0.0,0.0,0.0,0.0,0.0,0.0,4,4,6,0.0,0.0,0.0,0.0,0.0,0.0,0.0,0.0,0.0,0.0,0.0,1.0,0.0,0.0
syn-command_injection-0148-a816ebc3,command_injection,SYNTHETIC,syn-campaign-command_injection-0029,syn-command_injection,v1,2026-09-09T18:04:39+00:00,11,0,0.0,0.0,0.0,0.0,0.0,0.0,1,1,10,0.0,0.0,0.0,0.0,0.0,0.0,0.0,0.0,0.0,0.0,0.0,1.0,0.0,0.0
syn-command_injection-0149-1c45490a,command_injection,SYNTHETIC,syn-campaign-command_injection-0029,syn-command_injection,v1,2026-09-09T18:04:39+00:00,4,0,0.0,0.0,0.0,0.0,0.0,0.0,1,1,5,0.0,0.0,0.0,0.0,0.0,0.0,0.0,0.0,0.0,0.0,0.0,1.0,0.0,0.0
syn-path_traversal-0150-1a227fac,path_traversal,SYNTHETIC,syn-campaign-path_traversal-0030,syn-path_traversal,v1,2026-09-09T18:04:39+00:00,9,0,0.0,0.0,0.0,0.0,0.0,0.0,0.0,0.0,8,8,0.0,0.0,0.0,0.0,0.0,0.0,0.0,0.0,0.0,1.0,0.0,0.0,0.0
syn-path_traversal-0151-41a49820,path_traversal,SYNTHETIC,syn-campaign-path_traversal-0030,syn-path_traversal,v1,2026-09-09T18:04:39+00:00,10,0,0.0,0.0,0.0,0.0,0.0,0.0,0.0,0.0,9,9,0.0,0.0,0.0,0.0,0.0,0.0,0.0,0.0,0.0,1.0,0.0,0.0,0.0
syn-path_traversal-0152-3366b574,path_traversal,SYNTHETIC,syn-campaign-path_traversal-0030,syn-path_traversal,v1,2026-09-09T18:04:39+00:00,8,0,0.0,0.0,0.0,0.0,0.0,0.0,0.0,0.0,9,9,0.0,0.0,0.0,0.0,0.0,0.0,0.0,0.0,0.0,1.0,0.0,0.0,0.0
syn-path_traversal-0153-7586f4e3,path_traversal,SYNTHETIC,syn-campaign-path_traversal-0030,syn-path_traversal,v1,2026-09-09T18:04:39+00:00,8,0,0.0,0.0,0.0,0.0,0.0,0.0,0.0,0.0,10,10,0.0,0.0,0.0,0.0,0.0,0.0,0.0,0.0,0.0,1.0,0.0,0.0,0.0
syn-path_traversal-0154-84563d06,path_traversal,SYNTHETIC,syn-campaign-path_traversal-0030,syn-path_traversal,v1,2026-09-09T18:04:39+00:00,5,0,0.0,0.0,0.0,0.0,0.0,0.0,0.0,0.0,6,6,0.0,0.0,0.0,0.0,0.0,0.0,0.0,0.0,0.0,1.0,0.0,0.0,0.0
syn-path_traversal-0155-cf424939,path_traversal,SYNTHETIC,syn-campaign-path_traversal-0031,syn-path_traversal,v1,2026-09-09T18:04:39+00:00,7,0,0.0,0.0,0.0,0.0,0.0,0.0,0.0,0.0,7,7,0.0,0.0,0.0,0.0,0.0,0.0,0.0,0.0,0.0,1.0,0.0,0.0,0.0
syn-path_traversal-0156-37602082,path_traversal,SYNTHETIC,syn-campaign-path_traversal-0031,syn-path_traversal,v1,2026-09-09T18:04:39+00:00,11,0,0.0,0.0,0.0,0.0,0.0,0.0,0.0,0.0,10,10,0.0,0.0,0.0,0.0,0.0,0.0,0.0,0.0,0.0,1.0,0.0,0.0,0.0
syn-path_traversal-0157-3f4d73b4,path_traversal,SYNTHETIC,syn-campaign-path_traversal-0031,syn-path_traversal,v1,2026-09-09T18:04:39+00:00,8,0,0.0,0.0,0.0,0.0,0.0,0.0,0.0,0.0,10,10,0.0,0.0,0.0,0.0,0.0,0.0,0.0,0.0,0.0,1.0,0.0,0.0,0.0
syn-path_traversal-0158-3dbcf4aa,path_traversal,SYNTHETIC,syn-campaign-path_traversal-0031,syn-path_traversal,v1,2026-09-09T18:04:39+00:00,4,0,0.0,0.0,0.0,0.0,0.0,0.0,0.0,0.0,6,6,0.0,0.0,0.0,0.0,0.0,0.0,0.0,0.0,0.0,1.0,0.0,0.0,0.0
syn-path_traversal-0159-85096731,path_traversal,SYNTHETIC,syn-campaign-path_traversal-0031,syn-path_traversal,v1,2026-09-09T18:04:39+00:00,8,0,0.0,0.0,0.0,0.0,0.0,0.0,0.0,0.0,9,9,0.0,0.0,0.0,0.0,0.0,0.0,0.0,0.0,0.0,1.0,0.0,0.0,0.0
syn-path_traversal-0160-1607b13f,path_traversal,SYNTHETIC,syn-campaign-path_traversal-0032,syn-path_traversal,v1,2026-09-09T18:04:39+00:00,3,0,0.0,0.0,0.0,0.0,0.0,0.0,0.0,0.0,4,4,0.0,0.0,0.0,0.0,0.0,0.0,0.0,0.0,0.0,1.0,0.0,0.0,0.0
syn-path_traversal-0161-8f5113a2,path_traversal,SYNTHETIC,syn-campaign-path_traversal-0032,syn-path_traversal,v1,2026-09-09T18:04:39+00:00,5,0,0.0,0.0,0.0,0.0,0.0,0.0,0.0,0.0,6,6,0.0,0.0,0.0,0.0,0.0,0.0,0.0,0.0,0.0,1.0,0.0,0.0,0.0
syn-path_traversal-0162-09fc7d80,path_traversal,SYNTHETIC,syn-campaign-path_traversal-0032,syn-path_traversal,v1,2026-09-09T18:04:39+00:00,3,0,0.0,0.0,0.0,0.0,0.0,0.0,0.0,0.0,3,3,0.0,0.0,0.0,0.0,0.0,0.0,0.0,0.0,0.0,1.0,0.0,0.0,0.0
syn-path_traversal-0163-b3e10141,path_traversal,SYNTHETIC,syn-campaign-path_traversal-0032,syn-path_traversal,v1,2026-09-09T18:04:39+00:00,10,0,0.0,0.0,0.0,0.0,0.0,0.0,0.0,0.0,10,10,0.0,0.0,0.0,0.0,0.0,0.0,0.0,0.0,0.0,1.0,0.0,0.0,0.0
syn-path_traversal-0164-b19cbb15,path_traversal,SYNTHETIC,syn-campaign-path_traversal-0032,syn-path_traversal,v1,2026-09-09T18:04:39+00:00,3,0,0.0,0.0,0.0,0.0,0.0,0.0,0.0,0.0,4,4,0.0,0.0,0.0,0.0,0.0,0.0,0.0,0.0,0.0,1.0,0.0,0.0,0.0
syn-path_traversal-0165-2332e5bc,path_traversal,SYNTHETIC,syn-campaign-path_traversal-0033,syn-path_traversal,v1,2026-09-09T18:04:39+00:00,2,0,0.0,0.0,0.0,0.0,0.0,0.0,0.0,0.0,3,3,0.0,0.0,0.0,0.0,0.0,0.0,0.0,0.0,0.0,1.0,0.0,0.0,0.0
syn-path_traversal-0166-9ad99aa5,path_traversal,SYNTHETIC,syn-campaign-path_traversal-0033,syn-path_traversal,v1,2026-09-09T18:04:39+00:00,4,0,0.0,0.0,0.0,0.0,0.0,0.0,0.0,0.0,5,5,0.0,0.0,0.0,0.0,0.0,0.0,0.0,0.0,0.0,1.0,0.0,0.0,0.0
syn-path_traversal-0167-be423c32,path_traversal,SYNTHETIC,syn-campaign-path_traversal-0033,syn-path_traversal,v1,2026-09-09T18:04:39+00:00,5,0,0.0,0.0,0.0,0.0,0.0,0.0,0.0,0.0,6,6,0.0,0.0,0.0,0.0,0.0,0.0,0.0,0.0,0.0,1.0,0.0,0.0,0.0
syn-path_traversal-0168-0993c023,path_traversal,SYNTHETIC,syn-campaign-path_traversal-0033,syn-path_traversal,v1,2026-09-09T18:04:39+00:00,3,0,0.0,0.0,0.0,0.0,0.0,0.0,0.0,0.0,4,4,0.0,0.0,0.0,0.0,0.0,0.0,0.0,0.0,0.0,1.0,0.0,0.0,0.0
syn-path_traversal-0169-88873aa4,path_traversal,SYNTHETIC,syn-campaign-path_traversal-0033,syn-path_traversal,v1,2026-09-09T18:04:39+00:00,6,0,0.0,0.0,0.0,0.0,0.0,0.0,0.0,0.0,7,7,0.0,0.0,0.0,0.0,0.0,0.0,0.0,0.0,0.0,1.0,0.0,0.0,0.0
syn-path_traversal-0170-855f17bc,path_traversal,SYNTHETIC,syn-campaign-path_traversal-0034,syn-path_traversal,v1,2026-09-09T18:04:39+00:00,7,0,0.0,0.0,0.0,0.0,0.0,0.0,0.0,0.0,8,8,0.0,0.0,0.0,0.0,0.0,0.0,0.0,0.0,0.0,1.0,0.0,0.0,0.0
syn-path_traversal-0171-f70a5911,path_traversal,SYNTHETIC,syn-campaign-path_traversal-0034,syn-path_traversal,v1,2026-09-09T18:04:39+00:00,9,0,0.0,0.0,0.0,0.0,0.0,0.0,0.0,0.0,9,9,0.0,0.0,0.0,0.0,0.0,0.0,0.0,0.0,0.0,1.0,0.0,0.0,0.0
syn-path_traversal-0172-2ac5d8a2,path_traversal,SYNTHETIC,syn-campaign-path_traversal-0034,syn-path_traversal,v1,2026-09-09T18:04:39+00:00,8,0,0.0,0.0,0.0,0.0,0.0,0.0,0.0,0.0,8,8,0.0,0.0,0.0,0.0,0.0,0.0,0.0,0.0,0.0,1.0,0.0,0.0,0.0
syn-path_traversal-0173-d183fff5,path_traversal,SYNTHETIC,syn-campaign-path_traversal-0034,syn-path_traversal,v1,2026-09-09T18:04:39+00:00,9,0,0.0,0.0,0.0,0.0,0.0,0.0,0.0,0.0,8,8,0.0,0.0,0.0,0.0,0.0,0.0,0.0,0.0,0.0,1.0,0.0,0.0,0.0
syn-path_traversal-0174-39c410dd,path_traversal,SYNTHETIC,syn-campaign-path_traversal-0034,syn-path_traversal,v1,2026-09-09T18:04:39+00:00,2,0,0.0,0.0,0.0,0.0,0.0,0.0,0.0,0.0,3,3,0.0,0.0,0.0,0.0,0.0,0.0,0.0,0.0,0.0,1.0,0.0,0.0,0.0
syn-path_traversal-0175-e1994c53,path_traversal,SYNTHETIC,syn-campaign-path_traversal-0035,syn-path_traversal,v1,2026-09-09T18:04:39+00:00,10,0,0.0,0.0,0.0,0.0,0.0,0.0,0.0,0.0,10,10,0.0,0.0,0.0,0.0,0.0,0.0,0.0,0.0,0.0,1.0,0.0,0.0,0.0
syn-path_traversal-0176-1cd5d2a2,path_traversal,SYNTHETIC,syn-campaign-path_traversal-0035,syn-path_traversal,v1,2026-09-09T18:04:39+00:00,3,0,0.0,0.0,0.0,0.0,0.0,0.0,0.0,0.0,3,3,0.0,0.0,0.0,0.0,0.0,0.0,0.0,0.0,0.0,1.0,0.0,0.0,0.0
syn-path_traversal-0177-82ffb96a,path_traversal,SYNTHETIC,syn-campaign-path_traversal-0035,syn-path_traversal,v1,2026-09-09T18:04:39+00:00,5,0,0.0,0.0,0.0,0.0,0.0,0.0,0.0,0.0,6,6,0.0,0.0,0.0,0.0,0.0,0.0,0.0,0.0,0.0,1.0,0.0,0.0,0.0
syn-path_traversal-0178-285c8462,path_traversal,SYNTHETIC,syn-campaign-path_traversal-0035,syn-path_traversal,v1,2026-09-09T18:04:39+00:00,4,0,0.0,0.0,0.0,0.0,0.0,0.0,0.0,0.0,4,4,0.0,0.0,0.0,0.0,0.0,0.0,0.0,0.0,0.0,1.0,0.0,0.0,0.0
syn-path_traversal-0179-bf7dbc66,path_traversal,SYNTHETIC,syn-campaign-path_traversal-0035,syn-path_traversal,v1,2026-09-09T18:04:39+00:00,5,0,0.0,0.0,0.0,0.0,0.0,0.0,0.0,0.0,6,6,0.0,0.0,0.0,0.0,0.0,0.0,0.0,0.0,0.0,1.0,0.0,0.0,0.0
syn-anomaly-0180-cbf96d48,anomaly,SYNTHETIC,syn-campaign-anomaly-0036,syn-anomaly,v1,2026-09-09T18:04:39+00:00,75,7,0.0,0.0,0.0,0.0,0.0,0.0,0.0,0.0,0.0,0.0,0.0,0.0,0.0,3,18,0.05,0.0,737.1428571428571,0.0,0.0,0.0,0.0,0.0
syn-anomaly-0181-e947d69c,anomaly,SYNTHETIC,syn-campaign-anomaly-0036,syn-anomaly,v1,2026-09-09T18:04:39+00:00,166,25,0.0,0.0,0.0,0.0,0.0,0.0,0.0,0.0,0.0,0.0,0.0,0.0,0.0,3,9,0.05,0.0,440.0,0.0,0.0,0.0,0.0,0.0
syn-anomaly-0182-773e619f,anomaly,SYNTHETIC,syn-campaign-anomaly-0036,syn-anomaly,v1,2026-09-09T18:04:39+00:00,182,15,0.0,0.0,0.0,0.0,0.0,0.0,0.0,0.0,0.0,0.0,0.0,0.0,0.0,3,11,0.05,0.0,618.75,0.0,0.0,0.0,0.0,0.0
syn-anomaly-0183-e2dbd0c5,anomaly,SYNTHETIC,syn-campaign-anomaly-0036,syn-anomaly,v1,2026-09-09T18:04:39+00:00,68,7,0.0,0.0,0.0,0.0,0.0,0.0,0.0,0.0,0.0,0.0,0.0,0.0,0.0,3,19,0.05,0.0,660.0,0.0,0.0,0.0,0.0,0.0
syn-anomaly-0184-51212858,anomaly,SYNTHETIC,syn-campaign-anomaly-0036,syn-anomaly,v1,2026-09-09T18:04:39+00:00,114,4,0.0,0.0,0.0,0.0,0.0,0.0,0.0,0.0,0.0,0.0,0.0,0.0,0.0,5,11,0.05,0.0,1440.0,0.0,0.0,0.0,0.0,0.0
syn-anomaly-0185-a4b81f24,anomaly,SYNTHETIC,syn-campaign-anomaly-0037,syn-anomaly,v1,2026-09-09T18:04:39+00:00,69,8,0.0,0.0,0.0,0.0,0.0,0.0,0.0,0.0,0.0,0.0,0.0,0.0,0.0,4,10,0.05,0.0,520.0,0.0,0.0,0.0,0.0,0.0
syn-anomaly-0186-cda5b6e1,anomaly,SYNTHETIC,syn-campaign-anomaly-0037,syn-anomaly,v1,2026-09-09T18:04:39+00:00,126,27,0.0,0.0,0.0,0.0,0.0,0.0,0.0,0.0,0.0,0.0,0.0,0.0,0.0,5,14,0.05,0.0,316.15384615384613,0.0,0.0,0.0,0.0,0.0
syn-anomaly-0187-dba189f3,anomaly,SYNTHETIC,syn-campaign-anomaly-0037,syn-anomaly,v1,2026-09-09T18:04:39+00:00,142,16,0.0,0.0,0.0,0.0,0.0,0.0,0.0,0.0,0.0,0.0,0.0,0.0,0.0,5,20,0.05,0.0,417.0,0.0,0.0,0.0,0.0,0.0
syn-anomaly-0188-214f513f,anomaly,SYNTHETIC,syn-campaign-anomaly-0037,syn-anomaly,v1,2026-09-09T18:04:39+00:00,94,12,0.0,0.0,0.0,0.0,0.0,0.0,0.0,0.0,0.0,0.0,0.0,0.0,0.0,3,8,0.05,0.0,489.2307692307692,0.0,0.0,0.0,0.0,0.0
syn-anomaly-0189-95487dbe,anomaly,SYNTHETIC,syn-campaign-anomaly-0037,syn-anomaly,v1,2026-09-09T18:04:39+00:00,176,20,0.0,0.0,0.0,0.0,0.0,0.0,0.0,0.0,0.0,0.0,0.0,0.0,0.0,3,12,0.05,0.0,370.7142857142857,0.0,0.0,0.0,0.0,0.0
syn-anomaly-0190-a314042f,anomaly,SYNTHETIC,syn-campaign-anomaly-0038,syn-anomaly,v1,2026-09-09T18:04:39+00:00,77,10,0.0,0.0,0.0,0.0,0.0,0.0,0.0,0.0,0.0,0.0,0.0,0.0,0.0,4,20,0.05,0.0,414.0,0.0,0.0,0.0,0.0,0.0
syn-anomaly-0191-12578e0b,anomaly,SYNTHETIC,syn-campaign-anomaly-0038,syn-anomaly,v1,2026-09-09T18:04:39+00:00,179,36,0.0,0.0,0.0,0.0,0.0,0.0,0.0,0.0,0.0,0.0,0.0,0.0,0.0,5,16,0.05,0.0,370.0,0.0,0.0,0.0,0.0,0.0
syn-anomaly-0192-2b1d7a41,anomaly,SYNTHETIC,syn-campaign-anomaly-0038,syn-anomaly,v1,2026-09-09T18:04:39+00:00,137,11,0.0,0.0,0.0,0.0,0.0,0.0,0.0,0.0,0.0,0.0,0.0,0.0,0.0,4,9,0.05,0.0,621.4285714285714,0.0,0.0,0.0,0.0,0.0
syn-anomaly-0193-53a3a7e5,anomaly,SYNTHETIC,syn-campaign-anomaly-0038,syn-anomaly,v1,2026-09-09T18:04:39+00:00,155,21,0.0,0.0,0.0,0.0,0.0,0.0,0.0,0.0,0.0,0.0,0.0,0.0,0.0,3,20,0.05,0.0,609.4736842105264,0.0,0.0,0.0,0.0,0.0
syn-anomaly-0194-51dc1844,anomaly,SYNTHETIC,syn-campaign-anomaly-0038,syn-anomaly,v1,2026-09-09T18:04:39+00:00,55,17,0.0,0.0,0.0,0.0,0.0,0.0,0.0,0.0,0.0,0.0,0.0,0.0,0.0,4,10,0.05,0.0,174.78260869565216,0.0,0.0,0.0,0.0,0.0
syn-anomaly-0195-59775b06,anomaly,SYNTHETIC,syn-campaign-anomaly-0039,syn-anomaly,v1,2026-09-09T18:04:39+00:00,134,5,0.0,0.0,0.0,0.0,0.0,0.0,0.0,0.0,0.0,0.0,0.0,0.0,0.0,3,18,0.05,0.0,1510.0,0.0,0.0,0.0,0.0,0.0
syn-anomaly-0196-2c7feb68,anomaly,SYNTHETIC,syn-campaign-anomaly-0039,syn-anomaly,v1,2026-09-09T18:04:39+00:00,152,27,0.0,0.0,0.0,0.0,0.0,0.0,0.0,0.0,0.0,0.0,0.0,0.0,0.0,5,18,0.05,0.0,397.77777777777777,0.0,0.0,0.0,0.0,0.0
syn-anomaly-0197-19f77498,anomaly,SYNTHETIC,syn-campaign-anomaly-0039,syn-anomaly,v1,2026-09-09T18:04:39+00:00,183,5,0.0,0.0,0.0,0.0,0.0,0.0,0.0,0.0,0.0,0.0,0.0,0.0,0.0,3,10,0.05,0.0,2256.0,0.0,0.0,0.0,0.0,0.0
syn-anomaly-0198-e5870fe0,anomaly,SYNTHETIC,syn-campaign-anomaly-0039,syn-anomaly,v1,2026-09-09T18:04:39+00:00,68,25,0.0,0.0,0.0,0.0,0.0,0.0,0.0,0.0,0.0,0.0,0.0,0.0,0.0,4,19,0.05,0.0,164.3478260869565,0.0,0.0,0.0,0.0,0.0
syn-anomaly-0199-da2287af,anomaly,SYNTHETIC,syn-campaign-anomaly-0039,syn-anomaly,v1,2026-09-09T18:04:39+00:00,148,22,0.0,0.0,0.0,0.0,0.0,0.0,0.0,0.0,0.0,0.0,0.0,0.0,0.0,4,14,0.05,0.0,295.7142857142857,0.0,0.0,0.0,0.0,0.0
syn-anomaly-0200-db66385b,anomaly,SYNTHETIC,syn-campaign-anomaly-0040,syn-anomaly,v1,2026-09-09T18:04:39+00:00,72,10,0.0,0.0,0.0,0.0,0.0,0.0,0.0,0.0,0.0,0.0,0.0,0.0,0.0,5,19,0.05,0.0,332.72727272727275,0.0,0.0,0.0,0.0,0.0
syn-anomaly-0201-a5ec94e1,anomaly,SYNTHETIC,syn-campaign-anomaly-0040,syn-anomaly,v1,2026-09-09T18:04:39+00:00,57,33,0.0,0.0,0.0,0.0,0.0,0.0,0.0,0.0,0.0,0.0,0.0,0.0,0.0,4,13,0.05,0.0,148.88888888888889,0.0,0.0,0.0,0.0,0.0
syn-anomaly-0202-192e705c,anomaly,SYNTHETIC,syn-campaign-anomaly-0040,syn-anomaly,v1,2026-09-09T18:04:39+00:00,167,26,0.0,0.0,0.0,0.0,0.0,0.0,0.0,0.0,0.0,0.0,0.0,0.0,0.0,4,15,0.05,0.0,355.2,0.0,0.0,0.0,0.0,0.0
syn-anomaly-0203-02590f94,anomaly,SYNTHETIC,syn-campaign-anomaly-0040,syn-anomaly,v1,2026-09-09T18:04:39+00:00,75,5,0.0,0.0,0.0,0.0,0.0,0.0,0.0,0.0,0.0,0.0,0.0,0.0,0.0,5,15,0.05,0.0,730.0,0.0,0.0,0.0,0.0,0.0
syn-anomaly-0204-de3d48e1,anomaly,SYNTHETIC,syn-campaign-anomaly-0040,syn-anomaly,v1,2026-09-09T18:04:39+00:00,132,7,0.0,0.0,0.0,0.0,0.0,0.0,0.0,0.0,0.0,0.0,0.0,0.0,0.0,3,17,0.05,0.0,1294.2857142857142,0.0,0.0,0.0,0.0,0.0
syn-anomaly-0205-db27b59e,anomaly,SYNTHETIC,syn-campaign-anomaly-0041,syn-anomaly,v1,2026-09-09T18:04:39+00:00,129,17,0.0,0.0,0.0,0.0,0.0,0.0,0.0,0.0,0.0,0.0,0.0,0.0,0.0,3,19,0.05,0.0,483.0,0.0,0.0,0.0,0.0,0.0
syn-anomaly-0206-7f2c37f7,anomaly,SYNTHETIC,syn-campaign-anomaly-0041,syn-anomaly,v1,2026-09-09T18:04:39+00:00,61,6,0.0,0.0,0.0,0.0,0.0,0.0,0.0,0.0,0.0,0.0,0.0,0.0,0.0,5,12,0.05,0.0,445.7142857142857,0.0,0.0,0.0,0.0,0.0
syn-anomaly-0207-53137e45,anomaly,SYNTHETIC,syn-campaign-anomaly-0041,syn-anomaly,v1,2026-09-09T18:04:39+00:00,176,33,0.0,0.0,0.0,0.0,0.0,0.0,0.0,0.0,0.0,0.0,0.0,0.0,0.0,5,18,0.05,0.0,413.07692307692304,0.0,0.0,0.0,0.0,0.0
syn-anomaly-0208-1aef4bf2,anomaly,SYNTHETIC,syn-campaign-anomaly-0041,syn-anomaly,v1,2026-09-09T18:04:39+00:00,126,21,0.0,0.0,0.0,0.0,0.0,0.0,0.0,0.0,0.0,0.0,0.0,0.0,0.0,3,20,0.05,0.0,345.7142857142857,0.0,0.0,0.0,0.0,0.0
syn-anomaly-0209-0d33dceb,anomaly,SYNTHETIC,syn-campaign-anomaly-0041,syn-anomaly,v1,2026-09-09T18:04:39+00:00,224,24,0.0,0.0,0.0,0.0,0.0,0.0,0.0,0.0,0.0,0.0,0.0,0.0,0.0,3,8,0.05,0.0,443.07692307692304,0.0,0.0,0.0,0.0,0.0
